"_id__$oid","type","geometry__type","geometry__coordinates__001","geometry__coordinates__002","properties__name","properties__location.address1","properties__location.city","properties__location.state","properties__location.zip_code","properties__id","properties__display_phone","properties__image_url","properties__url","properties__review_count","properties__rating"
"5983263d28a5d93b2f7612cb","Feature","Point","-80.94272","35.12621","Steele Creek Animal Hospital","9729 S Tryon St","Charlotte","NC","28273","steele-creek-animal-hospital-charlotte","(704) 588-4400","https://s3-media3.fl.yelpcdn.com/bphoto/Q0LOqwTgvoI0jUREV5lmMg/o.jpg","https://www.yelp.com/biz/steele-creek-animal-hospital-charlotte?adjust_creative=VGFRDca0eUa0TQtHKuz9aQ&utm_campaign=yelp_api_v3&utm_medium=api_v3_business_search&utm_source=VGFRDca0eUa0TQtHKuz9aQ","11","3.5"
"5983263d28a5d93b2f7612cc","Feature","Point","-80.94198","35.1325","Carolina Veterinary Specialists","2225 Township Rd","Charlotte","NC","28273","carolina-veterinary-specialists-charlotte","(704) 504-9608","https://s3-media2.fl.yelpcdn.com/bphoto/SABnjVjyhPn3DNnIZ7gVrw/o.jpg","https://www.yelp.com/biz/carolina-veterinary-specialists-charlotte?adjust_creative=VGFRDca0eUa0TQtHKuz9aQ&utm_campaign=yelp_api_v3&utm_medium=api_v3_business_search&utm_source=VGFRDca0eUa0TQtHKuz9aQ","27","2.5"
"5983263d28a5d93b2f7612cd","Feature","Point","-80.8646618","35.2023634","Long Animal Hospital","2523 South Blvd","Charlotte","NC","28203","long-animal-hospital-charlotte-3","(704) 523-2996","https://s3-media2.fl.yelpcdn.com/bphoto/WN_MUEwy-dNFWTIak6gO-g/o.jpg","https://www.yelp.com/biz/long-animal-hospital-charlotte-3?adjust_creative=VGFRDca0eUa0TQtHKuz9aQ&utm_campaign=yelp_api_v3&utm_medium=api_v3_business_search&utm_source=VGFRDca0eUa0TQtHKuz9aQ","84","3.5"
"5983263d28a5d93b2f7612ce","Feature","Point","-80.99244","35.05315","Veterinary Medical Center of Fort Mill","2615 Hwy 160 W","Fort Mill","SC","29708","veterinary-medical-center-of-fort-mill-fort-mill","(803) 396-9130","https://s3-media4.fl.yelpcdn.com/bphoto/q9FQVHOwQmaAxwVk6mZC2g/o.jpg","https://www.yelp.com/biz/veterinary-medical-center-of-fort-mill-fort-mill?adjust_creative=VGFRDca0eUa0TQtHKuz9aQ&utm_campaign=yelp_api_v3&utm_medium=api_v3_business_search&utm_source=VGFRDca0eUa0TQtHKuz9aQ","36","4.5"
"5983263d28a5d93b2f7612cf","Feature","Point","-80.850692","35.205959","Dilworth Animal Hospital","814 East Blvd","Charlotte","NC","28203","dilworth-animal-hospital-charlotte","(704) 808-7387","https://s3-media3.fl.yelpcdn.com/bphoto/XI3ppt0Nte9H7pErJlO2Jg/o.jpg","https://www.yelp.com/biz/dilworth-animal-hospital-charlotte?adjust_creative=VGFRDca0eUa0TQtHKuz9aQ&utm_campaign=yelp_api_v3&utm_medium=api_v3_business_search&utm_source=VGFRDca0eUa0TQtHKuz9aQ","47","5"
"5983263d28a5d93b2f7612d0","Feature","Point","-80.95067","35.12232","The Carolinas Animal Hospital & Dental Clinic P A","13331 York Center Dr","Charlotte","NC","28273","the-carolinas-animal-hospital-and-dental-clinic-p-a-charlotte-2","(704) 588-9788","https://s3-media3.fl.yelpcdn.com/bphoto/EY0LEZFTRmx2hUC4rjYLlw/o.jpg","https://www.yelp.com/biz/the-carolinas-animal-hospital-and-dental-clinic-p-a-charlotte-2?adjust_creative=VGFRDca0eUa0TQtHKuz9aQ&utm_campaign=yelp_api_v3&utm_medium=api_v3_business_search&utm_source=VGFRDca0eUa0TQtHKuz9aQ","13","3.5"
"5983263d28a5d93b2f7612d1","Feature","Point","-80.87706","35.15312","Archdale Animal Hospital","1319 Archdale Dr","Charlotte","NC","28217","archdale-animal-hospital-charlotte","(704) 552-2333","https://s3-media2.fl.yelpcdn.com/bphoto/R45PI0y8D7Ol9FafDpZXMg/o.jpg","https://www.yelp.com/biz/archdale-animal-hospital-charlotte?adjust_creative=VGFRDca0eUa0TQtHKuz9aQ&utm_campaign=yelp_api_v3&utm_medium=api_v3_business_search&utm_source=VGFRDca0eUa0TQtHKuz9aQ","16","5"
"5983263d28a5d93b2f7612d2","Feature","Point","-80.794311","35.197731","Animal Medical Hospital","3832 Monroe Rd","Charlotte","NC","28205","animal-medical-hospital-charlotte","(704) 334-4684","https://s3-media2.fl.yelpcdn.com/bphoto/K-58wLi3eUyXDdRxBdhlqA/o.jpg","https://www.yelp.com/biz/animal-medical-hospital-charlotte?adjust_creative=VGFRDca0eUa0TQtHKuz9aQ&utm_campaign=yelp_api_v3&utm_medium=api_v3_business_search&utm_source=VGFRDca0eUa0TQtHKuz9aQ","63","3.5"
"5983263d28a5d93b2f7612d3","Feature","Point","-80.9088973999023","35.0632019042969","Carolina Place Animal Hospital","8177 Regent Pkwy","Fort Mill","SC","29715","carolina-place-animal-hospital-fort-mill","(803) 547-3547","https://s3-media4.fl.yelpcdn.com/bphoto/qbKwxE7s4IejhKItDrtDTQ/o.jpg","https://www.yelp.com/biz/carolina-place-animal-hospital-fort-mill?adjust_creative=VGFRDca0eUa0TQtHKuz9aQ&utm_campaign=yelp_api_v3&utm_medium=api_v3_business_search&utm_source=VGFRDca0eUa0TQtHKuz9aQ","8","4"
"5983263d28a5d93b2f7612d4","Feature","Point","-80.86178","35.04214","West Ballantyne Animal Hospital","11926 Providence Rd W","Charlotte","NC","28277","west-ballantyne-animal-hospital-charlotte","(980) 938-8136","https://s3-media2.fl.yelpcdn.com/bphoto/wplnkSQyjPGOWwYsfOTdvw/o.jpg","https://www.yelp.com/biz/west-ballantyne-animal-hospital-charlotte?adjust_creative=VGFRDca0eUa0TQtHKuz9aQ&utm_campaign=yelp_api_v3&utm_medium=api_v3_business_search&utm_source=VGFRDca0eUa0TQtHKuz9aQ","20","5"
"5983263d28a5d93b2f7612d5","Feature","Point","-80.8762621879578","35.1280168680862","Sharon Lakes Animal Hospital","7619 Sharon Lakes Rd","Charlotte","NC","28210","sharon-lakes-animal-hospital-charlotte","(704) 552-0647","https://s3-media3.fl.yelpcdn.com/bphoto/u4A9UCxX5f81RE2g_H2x1Q/o.jpg","https://www.yelp.com/biz/sharon-lakes-animal-hospital-charlotte?adjust_creative=VGFRDca0eUa0TQtHKuz9aQ&utm_campaign=yelp_api_v3&utm_medium=api_v3_business_search&utm_source=VGFRDca0eUa0TQtHKuz9aQ","5","5"
"5983263d28a5d93b2f7612d6","Feature","Point","-80.84922","35.158729","South Park Animal Hospital","5240 Park Rd","Charlotte","NC","28209","south-park-animal-hospital-charlotte","(704) 523-3457","https://s3-media3.fl.yelpcdn.com/bphoto/gwT7Vvdcdh9_E_zU1Q2U4w/o.jpg","https://www.yelp.com/biz/south-park-animal-hospital-charlotte?adjust_creative=VGFRDca0eUa0TQtHKuz9aQ&utm_campaign=yelp_api_v3&utm_medium=api_v3_business_search&utm_source=VGFRDca0eUa0TQtHKuz9aQ","16","4"
"5983263d28a5d93b2f7612d7","Feature","Point","-80.859775","35.206871","South End Veterinary Clinic","2135 Southend Dr","Charlotte","NC","28203","south-end-veterinary-clinic-charlotte","(704) 632-8012","https://s3-media1.fl.yelpcdn.com/bphoto/DLel-oRQ2B3fOi1pGeuvVg/o.jpg","https://www.yelp.com/biz/south-end-veterinary-clinic-charlotte?adjust_creative=VGFRDca0eUa0TQtHKuz9aQ&utm_campaign=yelp_api_v3&utm_medium=api_v3_business_search&utm_source=VGFRDca0eUa0TQtHKuz9aQ","15","5"
"5983263d28a5d93b2f7612d8","Feature","Point","-80.7955321","35.1989475","Monroe Road Animal Hospital","3736 Monroe Rd","Charlotte","NC","28205","monroe-road-animal-hospital-charlotte","(704) 333-3336","https://s3-media3.fl.yelpcdn.com/bphoto/pA3-0fkjY_TGqXdwgfgtog/o.jpg","https://www.yelp.com/biz/monroe-road-animal-hospital-charlotte?adjust_creative=VGFRDca0eUa0TQtHKuz9aQ&utm_campaign=yelp_api_v3&utm_medium=api_v3_business_search&utm_source=VGFRDca0eUa0TQtHKuz9aQ","21","4"
"5983263d28a5d93b2f7612d9","Feature","Point","-80.861386","35.088968","St Francis Hospital For Animals","10709 Kettering Dr","Charlotte","NC","28226","st-francis-hospital-for-animals-charlotte","(704) 527-2030","https://s3-media4.fl.yelpcdn.com/bphoto/G4OhzE18YDAikkn3NDwP9Q/o.jpg","https://www.yelp.com/biz/st-francis-hospital-for-animals-charlotte?adjust_creative=VGFRDca0eUa0TQtHKuz9aQ&utm_campaign=yelp_api_v3&utm_medium=api_v3_business_search&utm_source=VGFRDca0eUa0TQtHKuz9aQ","21","5"
"5983263d28a5d93b2f7612da","Feature","Point","-80.79769","35.1947199","Charlotte Animal Referral & Emergency","3726 Latrobe Dr","Charlotte","NC","28211","charlotte-animal-referral-and-emergency-charlotte","(704) 457-2300","https://s3-media4.fl.yelpcdn.com/bphoto/W34o7ZnVKl8cKgutMMy6iw/o.jpg","https://www.yelp.com/biz/charlotte-animal-referral-and-emergency-charlotte?adjust_creative=VGFRDca0eUa0TQtHKuz9aQ&utm_campaign=yelp_api_v3&utm_medium=api_v3_business_search&utm_source=VGFRDca0eUa0TQtHKuz9aQ","15","4"
"5983263d28a5d93b2f7612db","Feature","Point","-80.81282","35.21906","Commonwealth Animal Hospital","1909 Commonwealth Ave","Charlotte","NC","28205","commonwealth-animal-hospital-charlotte","(704) 370-0767","https://s3-media2.fl.yelpcdn.com/bphoto/jxuHzyspmAVg9BvYQ-86xg/o.jpg","https://www.yelp.com/biz/commonwealth-animal-hospital-charlotte?adjust_creative=VGFRDca0eUa0TQtHKuz9aQ&utm_campaign=yelp_api_v3&utm_medium=api_v3_business_search&utm_source=VGFRDca0eUa0TQtHKuz9aQ","41","3.5"
"5983263d28a5d93b2f7612dc","Feature","Point","-80.813","35.0628","Piper Glen Animal Hospital","5105 Piper Station Dr","Charlotte","NC","28277","piper-glen-animal-hospital-charlotte","(704) 541-7171","https://s3-media2.fl.yelpcdn.com/bphoto/QwsAOtsg4O3lhm9URhUTqA/o.jpg","https://www.yelp.com/biz/piper-glen-animal-hospital-charlotte?adjust_creative=VGFRDca0eUa0TQtHKuz9aQ&utm_campaign=yelp_api_v3&utm_medium=api_v3_business_search&utm_source=VGFRDca0eUa0TQtHKuz9aQ","14","4.5"
"5983263d28a5d93b2f7612dd","Feature","Point","-80.8665919","35.2105144","K9 Playland","2139 S Tryon St","Charlotte","NC","28203","k9-playland-charlotte","(704) 525-9778","https://s3-media3.fl.yelpcdn.com/bphoto/yZPmZR5YbqR3E6Of8HVSsA/o.jpg","https://www.yelp.com/biz/k9-playland-charlotte?adjust_creative=VGFRDca0eUa0TQtHKuz9aQ&utm_campaign=yelp_api_v3&utm_medium=api_v3_business_search&utm_source=VGFRDca0eUa0TQtHKuz9aQ","29","4"
"5983263d28a5d93b2f7612de","Feature","Point","-80.9628788","35.0614481","UrgentVet Pet Clinic","870 Gold Hill Rd","Fort Mill","SC","29708","urgentvet-pet-clinic-fort-mill","(803) 486-2550","https://s3-media4.fl.yelpcdn.com/bphoto/aq4_w3ALT023lFyljbFyVg/o.jpg","https://www.yelp.com/biz/urgentvet-pet-clinic-fort-mill?adjust_creative=VGFRDca0eUa0TQtHKuz9aQ&utm_campaign=yelp_api_v3&utm_medium=api_v3_business_search&utm_source=VGFRDca0eUa0TQtHKuz9aQ","5","4"
"5983263d28a5d93b2f7612df","Feature","Point","-80.8129","35.05427","Rea Road Animal Hospital","8100 Williams Pond Ln","Charlotte","NC","28277","rea-road-animal-hospital-charlotte","(704) 544-6313","https://s3-media2.fl.yelpcdn.com/bphoto/SK1E8hy9ZlNwyjG0eZiv9w/o.jpg","https://www.yelp.com/biz/rea-road-animal-hospital-charlotte?adjust_creative=VGFRDca0eUa0TQtHKuz9aQ&utm_campaign=yelp_api_v3&utm_medium=api_v3_business_search&utm_source=VGFRDca0eUa0TQtHKuz9aQ","20","4"
"5983263d28a5d93b2f7612e0","Feature","Point","-80.8483657836914","35.0886192321777","Atrium Animal Hospital","6520 McMahan Dr","Charlotte","NC","28226","atrium-animal-hospital-charlotte","(704) 542-2000","https://s3-media3.fl.yelpcdn.com/bphoto/7Jj27oAEshnxxo25N2ducg/o.jpg","https://www.yelp.com/biz/atrium-animal-hospital-charlotte?adjust_creative=VGFRDca0eUa0TQtHKuz9aQ&utm_campaign=yelp_api_v3&utm_medium=api_v3_business_search&utm_source=VGFRDca0eUa0TQtHKuz9aQ","21","4.5"
"5983263d28a5d93b2f7612e1","Feature","Point","-80.854787","35.007661","Curtsinger Animal Hospital","9955 Charlotte Hwy","Indian Land","SC","29707","curtsinger-animal-hospital-indian-land","(803) 548-8802","https://s3-media1.fl.yelpcdn.com/bphoto/mdMSSiDjr2-YAirA1U-8QA/o.jpg","https://www.yelp.com/biz/curtsinger-animal-hospital-indian-land?adjust_creative=VGFRDca0eUa0TQtHKuz9aQ&utm_campaign=yelp_api_v3&utm_medium=api_v3_business_search&utm_source=VGFRDca0eUa0TQtHKuz9aQ","11","4.5"
"5983263d28a5d93b2f7612e2","Feature","Point","-80.7623251","35.0237847","Weddington Animal Hospital","13667 Providence Rd","Matthews","NC","28104","weddington-animal-hospital-matthews","(704) 847-8466","https://s3-media1.fl.yelpcdn.com/bphoto/_o0Acsu6Nxn5QW-mJD7mHA/o.jpg","https://www.yelp.com/biz/weddington-animal-hospital-matthews?adjust_creative=VGFRDca0eUa0TQtHKuz9aQ&utm_campaign=yelp_api_v3&utm_medium=api_v3_business_search&utm_source=VGFRDca0eUa0TQtHKuz9aQ","4","4"
"5983263d28a5d93b2f7612e3","Feature","Point","-80.8637608761632","35.0940855611932","Carolinas Veterinary Medical Hospital","10330 Feld Farm Rd","Charlotte","NC","28210","carolinas-veterinary-medical-hospital-charlotte","(704) 752-7227","https://s3-media3.fl.yelpcdn.com/bphoto/o1dOIcH04shhofVDajczrQ/o.jpg","https://www.yelp.com/biz/carolinas-veterinary-medical-hospital-charlotte?adjust_creative=VGFRDca0eUa0TQtHKuz9aQ&utm_campaign=yelp_api_v3&utm_medium=api_v3_business_search&utm_source=VGFRDca0eUa0TQtHKuz9aQ","8","3.5"
"5983263d28a5d93b2f7612e4","Feature","Point","-80.732","35.12767","Miller Animal Hospital","10638 Monroe Rd","Matthews","NC","28105","miller-animal-hospital-matthews","(704) 847-0224","","https://www.yelp.com/biz/miller-animal-hospital-matthews?adjust_creative=VGFRDca0eUa0TQtHKuz9aQ&utm_campaign=yelp_api_v3&utm_medium=api_v3_business_search&utm_source=VGFRDca0eUa0TQtHKuz9aQ","13","4.5"
"5983263d28a5d93b2f7612e5","Feature","Point","-80.88664","35.08284","Friendship Animal Hospital","304 S Polk St","Pineville","NC","28134","friendship-animal-hospital-pineville","(704) 889-7387","","https://www.yelp.com/biz/friendship-animal-hospital-pineville?adjust_creative=VGFRDca0eUa0TQtHKuz9aQ&utm_campaign=yelp_api_v3&utm_medium=api_v3_business_search&utm_source=VGFRDca0eUa0TQtHKuz9aQ","2","5"
"5983263d28a5d93b2f7612e6","Feature","Point","-80.8034965395927","35.0341978427392","Banfield Pet Hospital","9911 Rea Rd","Charlotte","NC","28277","banfield-pet-hospital-charlotte","(704) 844-6676","https://s3-media3.fl.yelpcdn.com/bphoto/GUTq_ox1igqOllwOAb7PWA/o.jpg","https://www.yelp.com/biz/banfield-pet-hospital-charlotte?adjust_creative=VGFRDca0eUa0TQtHKuz9aQ&utm_campaign=yelp_api_v3&utm_medium=api_v3_business_search&utm_source=VGFRDca0eUa0TQtHKuz9aQ","2","3"
"5983263d28a5d93b2f7612e7","Feature","Point","-80.8567252357706","35.1170104299006","Quail Hollow Veterinary Hospital","8408 Park Rd","Charlotte","NC","28210","quail-hollow-veterinary-hospital-charlotte","(704) 278-8000","https://s3-media3.fl.yelpcdn.com/bphoto/pOH9rInQY4xKZhSPduDlbw/o.jpg","https://www.yelp.com/biz/quail-hollow-veterinary-hospital-charlotte?adjust_creative=VGFRDca0eUa0TQtHKuz9aQ&utm_campaign=yelp_api_v3&utm_medium=api_v3_business_search&utm_source=VGFRDca0eUa0TQtHKuz9aQ","11","5"
"5983263d28a5d93b2f7612e8","Feature","Point","-80.8431267","35.2270869","The Paw Sitter","","Charlotte","NC","28105","the-paw-sitter-charlotte","(704) 648-7157","https://s3-media2.fl.yelpcdn.com/bphoto/Wzu3YpHQB6NbpcLZIOXAGA/o.jpg","https://www.yelp.com/biz/the-paw-sitter-charlotte?adjust_creative=VGFRDca0eUa0TQtHKuz9aQ&utm_campaign=yelp_api_v3&utm_medium=api_v3_business_search&utm_source=VGFRDca0eUa0TQtHKuz9aQ","12","5"
"5983263d28a5d93b2f7612e9","Feature","Point","-80.7429191","35.1446854","Compassionate Care Veterinary Hospital of Charlotte","9300 Monroe Rd","Charlotte","NC","28270","compassionate-care-veterinary-hospital-of-charlotte-charlotte-3","(704) 847-4796","https://s3-media3.fl.yelpcdn.com/bphoto/-1d7rVTOqiZ7shUCJDOaaA/o.jpg","https://www.yelp.com/biz/compassionate-care-veterinary-hospital-of-charlotte-charlotte-3?adjust_creative=VGFRDca0eUa0TQtHKuz9aQ&utm_campaign=yelp_api_v3&utm_medium=api_v3_business_search&utm_source=VGFRDca0eUa0TQtHKuz9aQ","10","4.5"
"5983263d28a5d93b2f7612ea","Feature","Point","-80.6815872192383","35.1462554931641","Fullwood Animal Hospital","4101 Matthews Mint Hill Rd","Matthews","NC","28105","fullwood-animal-hospital-matthews","(704) 545-2235","https://s3-media3.fl.yelpcdn.com/bphoto/mAJbgUtxJVd5wFyLuY48hA/o.jpg","https://www.yelp.com/biz/fullwood-animal-hospital-matthews?adjust_creative=VGFRDca0eUa0TQtHKuz9aQ&utm_campaign=yelp_api_v3&utm_medium=api_v3_business_search&utm_source=VGFRDca0eUa0TQtHKuz9aQ","16","4.5"
"5983263d28a5d93b2f7612eb","Feature","Point","-80.7085029","35.171981","NODA Animal Hospital","9705 Mintworth Ave","Charlotte","NC","28227","noda-animal-hospital-charlotte","(704) 375-0212","https://s3-media1.fl.yelpcdn.com/bphoto/8koKOXbloy7wgXXp7a0lfA/o.jpg","https://www.yelp.com/biz/noda-animal-hospital-charlotte?adjust_creative=VGFRDca0eUa0TQtHKuz9aQ&utm_campaign=yelp_api_v3&utm_medium=api_v3_business_search&utm_source=VGFRDca0eUa0TQtHKuz9aQ","20","4"
"5983263d28a5d93b2f7612ec","Feature","Point","-80.8027877807617","35.1734580993652","Cotswold Animal Hospital","401 S Sharon Amity Rd","Charlotte","NC","28211","cotswold-animal-hospital-charlotte","(704) 365-3787","https://s3-media1.fl.yelpcdn.com/bphoto/fUtgLQoZNpiW27wmYw1FqA/o.jpg","https://www.yelp.com/biz/cotswold-animal-hospital-charlotte?adjust_creative=VGFRDca0eUa0TQtHKuz9aQ&utm_campaign=yelp_api_v3&utm_medium=api_v3_business_search&utm_source=VGFRDca0eUa0TQtHKuz9aQ","8","5"
"5983263d28a5d93b2f7612ed","Feature","Point","-80.695618","35.089256","Carolina Veterinary Specialists","4099 Campus Ridge Rd","Matthews","NC","28104","carolina-veterinary-specialists-matthews","(704) 815-3939","https://s3-media1.fl.yelpcdn.com/bphoto/QxaqpghGAUQto2gPT9xHRw/o.jpg","https://www.yelp.com/biz/carolina-veterinary-specialists-matthews?adjust_creative=VGFRDca0eUa0TQtHKuz9aQ&utm_campaign=yelp_api_v3&utm_medium=api_v3_business_search&utm_source=VGFRDca0eUa0TQtHKuz9aQ","15","3"
"5983263d28a5d93b2f7612ee","Feature","Point","-80.660339","35.076343","Indian Trail Animal Hospital","160 Corporate Blvd","Indian Trail","NC","28079","indian-trail-animal-hospital-indian-trail","(704) 821-7040","https://s3-media2.fl.yelpcdn.com/bphoto/R2b7lhF_ej76yHqjq4PGlQ/o.jpg","https://www.yelp.com/biz/indian-trail-animal-hospital-indian-trail?adjust_creative=VGFRDca0eUa0TQtHKuz9aQ&utm_campaign=yelp_api_v3&utm_medium=api_v3_business_search&utm_source=VGFRDca0eUa0TQtHKuz9aQ","5","4"
"5983263d28a5d93b2f7612ef","Feature","Point","-80.7012332975864","35.0698989629745","Pressly Animal Hospital","1315 Chestnut Ln","Matthews","NC","28104","pressly-animal-hospital-matthews","(704) 234-0374","https://s3-media1.fl.yelpcdn.com/bphoto/CnZRMjlCrJ2BcYSX6skWfg/o.jpg","https://www.yelp.com/biz/pressly-animal-hospital-matthews?adjust_creative=VGFRDca0eUa0TQtHKuz9aQ&utm_campaign=yelp_api_v3&utm_medium=api_v3_business_search&utm_source=VGFRDca0eUa0TQtHKuz9aQ","7","3.5"
"5983263d28a5d93b2f7612f0","Feature","Point","-80.6454","35.1796","Mint Hill Animal Hospital","8101 Fairview Rd","Charlotte","NC","28227","mint-hill-animal-hospital-mint-hill-2","(704) 545-3422","https://s3-media4.fl.yelpcdn.com/bphoto/x2AVxPu3dmUxiwfALGC3jA/o.jpg","https://www.yelp.com/biz/mint-hill-animal-hospital-mint-hill-2?adjust_creative=VGFRDca0eUa0TQtHKuz9aQ&utm_campaign=yelp_api_v3&utm_medium=api_v3_business_search&utm_source=VGFRDca0eUa0TQtHKuz9aQ","4","4"
"5983263d28a5d93b2f7612f1","Feature","Point","-80.6552505","35.1745529","Sycamore Animal Clinic","7210 Matthews-Mint Hill Rd","Mint Hill","NC","28227","sycamore-animal-clinic-mint-hill","(980) 938-0799","https://s3-media4.fl.yelpcdn.com/bphoto/3OucPNkXq9BDxnKVyx7dxg/o.jpg","https://www.yelp.com/biz/sycamore-animal-clinic-mint-hill?adjust_creative=VGFRDca0eUa0TQtHKuz9aQ&utm_campaign=yelp_api_v3&utm_medium=api_v3_business_search&utm_source=VGFRDca0eUa0TQtHKuz9aQ","9","5"
"5983263d28a5d93b2f7612f2","Feature","Point","-80.6862106","35.2122917","Clear Creek Animal Hospital","6916 Harrisburg Rd","Charlotte","NC","28215","clear-creek-animal-hospital-charlotte","(704) 537-8405","https://s3-media1.fl.yelpcdn.com/bphoto/bzJxtN65-0YshrhUN1xnDA/o.jpg","https://www.yelp.com/biz/clear-creek-animal-hospital-charlotte?adjust_creative=VGFRDca0eUa0TQtHKuz9aQ&utm_campaign=yelp_api_v3&utm_medium=api_v3_business_search&utm_source=VGFRDca0eUa0TQtHKuz9aQ","6","4"
"5983263d28a5d93b2f7612f3","Feature","Point","-80.7421188","35.1742592","Heavy Petting Pet Sitting","7404 Redfern Ct","Charlotte","NC","28211","heavy-petting-pet-sitting-charlotte-2","(704) 651-9098","https://s3-media2.fl.yelpcdn.com/bphoto/kabJRXB3OhX-4GMdm5FyMg/o.jpg","https://www.yelp.com/biz/heavy-petting-pet-sitting-charlotte-2?adjust_creative=VGFRDca0eUa0TQtHKuz9aQ&utm_campaign=yelp_api_v3&utm_medium=api_v3_business_search&utm_source=VGFRDca0eUa0TQtHKuz9aQ","1","5"
"5983263d28a5d93b2f7612f4","Feature","Point","-80.8020293712616","35.1767483536434","Banfield Pet Hospital","206 S Sharon Amity Rd","Charlotte","NC","28211","banfield-pet-hospital-charlotte-2","(704) 364-4171","https://s3-media3.fl.yelpcdn.com/bphoto/Nr6XOTo2_FtB5SZy3XtLKg/o.jpg","https://www.yelp.com/biz/banfield-pet-hospital-charlotte-2?adjust_creative=VGFRDca0eUa0TQtHKuz9aQ&utm_campaign=yelp_api_v3&utm_medium=api_v3_business_search&utm_source=VGFRDca0eUa0TQtHKuz9aQ","8","3"
"5983263d28a5d93b2f7612f5","Feature","Point","-80.703315","35.117485","Animal Care Hospital Of Matthews","1216 Matthews Mint Hill Rd","Matthews","NC","28105","animal-care-hospital-of-matthews-matthews","(704) 847-3647","https://s3-media4.fl.yelpcdn.com/bphoto/guz_g3s-Mek_iczYJCe3vg/o.jpg","https://www.yelp.com/biz/animal-care-hospital-of-matthews-matthews?adjust_creative=VGFRDca0eUa0TQtHKuz9aQ&utm_campaign=yelp_api_v3&utm_medium=api_v3_business_search&utm_source=VGFRDca0eUa0TQtHKuz9aQ","3","4.5"
"5983263d28a5d93b2f7612f6","Feature","Point","-80.8309637010098","35.147010946701","Banfield Pet Hospital","4735 Sharon Rd","Charlotte","NC","28210","banfield-pet-hospital-charlotte-8","(704) 367-5323","https://s3-media1.fl.yelpcdn.com/bphoto/u_hIwYizALmGC57ydzIa8w/o.jpg","https://www.yelp.com/biz/banfield-pet-hospital-charlotte-8?adjust_creative=VGFRDca0eUa0TQtHKuz9aQ&utm_campaign=yelp_api_v3&utm_medium=api_v3_business_search&utm_source=VGFRDca0eUa0TQtHKuz9aQ","2","3"
"5983263d28a5d93b2f7612f7","Feature","Point","-80.773681640625","35.3228912353516","Mallard Creek Animal Hospital","2110 Ben Craig Dr","Charlotte","NC","28262","mallard-creek-animal-hospital-charlotte-2","(704) 717-7878","https://s3-media3.fl.yelpcdn.com/bphoto/Hu_x2NrLtA_N2h--TCFUPg/o.jpg","https://www.yelp.com/biz/mallard-creek-animal-hospital-charlotte-2?adjust_creative=VGFRDca0eUa0TQtHKuz9aQ&utm_campaign=yelp_api_v3&utm_medium=api_v3_business_search&utm_source=VGFRDca0eUa0TQtHKuz9aQ","12","5"
"5983263d28a5d93b2f7612f8","Feature","Point","-80.8425843715668","35.3767342865467","Hambright Animal Hospital","11725 Hambright Rd","Huntersville","NC","28078","hambright-animal-hospital-huntersville","(704) 912-5333","https://s3-media2.fl.yelpcdn.com/bphoto/yESop0lfT261ZWgHwa50EA/o.jpg","https://www.yelp.com/biz/hambright-animal-hospital-huntersville?adjust_creative=VGFRDca0eUa0TQtHKuz9aQ&utm_campaign=yelp_api_v3&utm_medium=api_v3_business_search&utm_source=VGFRDca0eUa0TQtHKuz9aQ","17","4.5"
"5983263d28a5d93b2f7612f9","Feature","Point","-80.8152","35.337265","Davis Lake Animal Hospital","4971 David Cox Rd","Charlotte","NC","28269","davis-lake-animal-hospital-charlotte","(704) 599-0405","https://s3-media2.fl.yelpcdn.com/bphoto/pVAb35X9BxxJl21f9P1mpQ/o.jpg","https://www.yelp.com/biz/davis-lake-animal-hospital-charlotte?adjust_creative=VGFRDca0eUa0TQtHKuz9aQ&utm_campaign=yelp_api_v3&utm_medium=api_v3_business_search&utm_source=VGFRDca0eUa0TQtHKuz9aQ","6","4.5"
"5983263d28a5d93b2f7612fa","Feature","Point","-80.82794","35.3366","Harris Boulevard Veterinary Clinic","5710 West Wt Harris Blvd","Charlotte","NC","28269","harris-boulevard-veterinary-clinic-charlotte","(980) 474-2895","https://s3-media2.fl.yelpcdn.com/bphoto/JgZCdEzkQ8Z2I6jsoo-ZMQ/o.jpg","https://www.yelp.com/biz/harris-boulevard-veterinary-clinic-charlotte?adjust_creative=VGFRDca0eUa0TQtHKuz9aQ&utm_campaign=yelp_api_v3&utm_medium=api_v3_business_search&utm_source=VGFRDca0eUa0TQtHKuz9aQ","10","4.5"
"5983263d28a5d93b2f7612fb","Feature","Point","-80.86988","35.43373","Birkdale Animal Hospital","16010 Northcross Dr","Huntersville","NC","28078","birkdale-animal-hospital-huntersville","(704) 655-0202","https://s3-media1.fl.yelpcdn.com/bphoto/qVXNbQl320IDC7sAKQOn7Q/o.jpg","https://www.yelp.com/biz/birkdale-animal-hospital-huntersville?adjust_creative=VGFRDca0eUa0TQtHKuz9aQ&utm_campaign=yelp_api_v3&utm_medium=api_v3_business_search&utm_source=VGFRDca0eUa0TQtHKuz9aQ","23","5"
"5983263d28a5d93b2f7612fc","Feature","Point","-80.8737411499023","35.4750633239746","North Mecklenburg Animal Hospital","19126 Statesville Rd","Cornelius","NC","28031","north-mecklenburg-animal-hospital-cornelius","(704) 892-0207","https://s3-media1.fl.yelpcdn.com/bphoto/kGyP4rB1mvMjcHhR9O36Tw/o.jpg","https://www.yelp.com/biz/north-mecklenburg-animal-hospital-cornelius?adjust_creative=VGFRDca0eUa0TQtHKuz9aQ&utm_campaign=yelp_api_v3&utm_medium=api_v3_business_search&utm_source=VGFRDca0eUa0TQtHKuz9aQ","18","5"
"5983263d28a5d93b2f7612fd","Feature","Point","-80.7370283156797","35.3284172551435","VCA Stoney Creek Animal Hospital","626 W Mallard Creek Church Rd","Charlotte","NC","28262","vca-stoney-creek-animal-hospital-charlotte","(704) 717-0616","https://s3-media2.fl.yelpcdn.com/bphoto/gmMLI3bvp5UdlehcYvFJNg/o.jpg","https://www.yelp.com/biz/vca-stoney-creek-animal-hospital-charlotte?adjust_creative=VGFRDca0eUa0TQtHKuz9aQ&utm_campaign=yelp_api_v3&utm_medium=api_v3_business_search&utm_source=VGFRDca0eUa0TQtHKuz9aQ","17","3"
"5983263d28a5d93b2f7612fe","Feature","Point","-80.846771","35.384628","Carolina Veterinary Specialists","12117 Statesville Rd","Huntersville","NC","28078","carolina-veterinary-specialists-huntersville","(704) 949-1100","https://s3-media3.fl.yelpcdn.com/bphoto/kS82KRUaduPcevxPPQ-8OQ/o.jpg","https://www.yelp.com/biz/carolina-veterinary-specialists-huntersville?adjust_creative=VGFRDca0eUa0TQtHKuz9aQ&utm_campaign=yelp_api_v3&utm_medium=api_v3_business_search&utm_source=VGFRDca0eUa0TQtHKuz9aQ","18","3.5"
"5983263d28a5d93b2f7612ff","Feature","Point","-80.6656875610352","35.4103164672852","Poplar Animal Hospital","351 George W Liles Pkwy NW","Concord","NC","28027","poplar-animal-hospital-concord","(704) 795-7200","https://s3-media4.fl.yelpcdn.com/bphoto/xEM-PxX3SVbZAHosx3BPXg/o.jpg","https://www.yelp.com/biz/poplar-animal-hospital-concord?adjust_creative=VGFRDca0eUa0TQtHKuz9aQ&utm_campaign=yelp_api_v3&utm_medium=api_v3_business_search&utm_source=VGFRDca0eUa0TQtHKuz9aQ","12","5"
"5983263d28a5d93b2f761300","Feature","Point","-80.8140915693371","35.2527513463226","Spay Neuter Charlotte Clinic","224 W 32nd St","Charlotte","NC","28206","spay-neuter-charlotte-clinic-charlotte","(704) 970-2711","https://s3-media3.fl.yelpcdn.com/bphoto/x1flG8srX1CL0q2Olfln_w/o.jpg","https://www.yelp.com/biz/spay-neuter-charlotte-clinic-charlotte?adjust_creative=VGFRDca0eUa0TQtHKuz9aQ&utm_campaign=yelp_api_v3&utm_medium=api_v3_business_search&utm_source=VGFRDca0eUa0TQtHKuz9aQ","40","4"
"5983263d28a5d93b2f761301","Feature","Point","-80.889895","35.4684788","Animal Hospital of Cornelius","18726 W Catawba Ave","Cornelius","NC","28031","animal-hospital-of-cornelius-cornelius","(704) 892-1585","https://s3-media1.fl.yelpcdn.com/bphoto/ncS23OfRWZenbvUcmxUZeQ/o.jpg","https://www.yelp.com/biz/animal-hospital-of-cornelius-cornelius?adjust_creative=VGFRDca0eUa0TQtHKuz9aQ&utm_campaign=yelp_api_v3&utm_medium=api_v3_business_search&utm_source=VGFRDca0eUa0TQtHKuz9aQ","5","5"
"5983263d28a5d93b2f761302","Feature","Point","-80.73897","35.31559","Hight Veterinary Hospital","9528 N Tryon St","Charlotte","NC","28262","hight-veterinary-hospital-charlotte","(704) 595-9377","https://s3-media2.fl.yelpcdn.com/bphoto/Nz0pPrG4mZB5fPwSEiWJZA/o.jpg","https://www.yelp.com/biz/hight-veterinary-hospital-charlotte?adjust_creative=VGFRDca0eUa0TQtHKuz9aQ&utm_campaign=yelp_api_v3&utm_medium=api_v3_business_search&utm_source=VGFRDca0eUa0TQtHKuz9aQ","4","2.5"
"5983263d28a5d93b2f761303","Feature","Point","-80.7865600585938","35.3522605895996","Blue Oliver Pet Services","9800 Fairlea Dr","Charlotte","NC","28269","blue-oliver-pet-services-charlotte","(704) 595-3382","https://s3-media4.fl.yelpcdn.com/bphoto/tkoTQKl1gN0bqtTSV2YfFw/o.jpg","https://www.yelp.com/biz/blue-oliver-pet-services-charlotte?adjust_creative=VGFRDca0eUa0TQtHKuz9aQ&utm_campaign=yelp_api_v3&utm_medium=api_v3_business_search&utm_source=VGFRDca0eUa0TQtHKuz9aQ","1","5"
"5983263d28a5d93b2f761304","Feature","Point","-80.8429871","35.4401283","Lakecross Veterinary Hospital PA","106 Parr Dr","Huntersville","NC","28078","lakecross-veterinary-hospital-pa-huntersville","(704) 948-6300","https://s3-media1.fl.yelpcdn.com/bphoto/NZCrTxIG8uR0Hjy3v32x9Q/o.jpg","https://www.yelp.com/biz/lakecross-veterinary-hospital-pa-huntersville?adjust_creative=VGFRDca0eUa0TQtHKuz9aQ&utm_campaign=yelp_api_v3&utm_medium=api_v3_business_search&utm_source=VGFRDca0eUa0TQtHKuz9aQ","16","4.5"
"5983263d28a5d93b2f761305","Feature","Point","-80.6704779357439","35.28328651172","Brookdale Animal Hospital","13521 Plaza Rd Extension","Charlotte","NC","28215","brookdale-animal-hospital-charlotte","(704) 598-1095","","https://www.yelp.com/biz/brookdale-animal-hospital-charlotte?adjust_creative=VGFRDca0eUa0TQtHKuz9aQ&utm_campaign=yelp_api_v3&utm_medium=api_v3_business_search&utm_source=VGFRDca0eUa0TQtHKuz9aQ","3","5"
"5983263d28a5d93b2f761306","Feature","Point","-80.8378699","35.2322883","VetweRx - Charlotte","626 N Church St","Charlotte","NC","28202","vetwerx-charlotte-charlotte","(704) 332-5450","https://s3-media3.fl.yelpcdn.com/bphoto/S8wpwGpjPuowAWMXTlISPw/o.jpg","https://www.yelp.com/biz/vetwerx-charlotte-charlotte?adjust_creative=VGFRDca0eUa0TQtHKuz9aQ&utm_campaign=yelp_api_v3&utm_medium=api_v3_business_search&utm_source=VGFRDca0eUa0TQtHKuz9aQ","18","5"
"5983263d28a5d93b2f761307","Feature","Point","-80.6248016357422","35.1408729553223","Caring Hearts Animal Hospital","7850A Stevens Mill Rd","Matthews","NC","28104","caring-hearts-animal-hospital-matthews","(704) 893-2799","https://s3-media4.fl.yelpcdn.com/bphoto/m3nxKq9dp2DuD0SsUVSLlA/o.jpg","https://www.yelp.com/biz/caring-hearts-animal-hospital-matthews?adjust_creative=VGFRDca0eUa0TQtHKuz9aQ&utm_campaign=yelp_api_v3&utm_medium=api_v3_business_search&utm_source=VGFRDca0eUa0TQtHKuz9aQ","6","3"
"5983263d28a5d93b2f761308","Feature","Point","-80.7400399","35.23116","Hickory Grove Animal Hospital","5450 N Sharon Amity Rd","Charlotte","NC","28215","hickory-grove-animal-hospital-charlotte","(704) 563-5858","https://s3-media3.fl.yelpcdn.com/bphoto/Mm_wShnDT9YHKztboY8GXg/o.jpg","https://www.yelp.com/biz/hickory-grove-animal-hospital-charlotte?adjust_creative=VGFRDca0eUa0TQtHKuz9aQ&utm_campaign=yelp_api_v3&utm_medium=api_v3_business_search&utm_source=VGFRDca0eUa0TQtHKuz9aQ","5","4.5"
"5983263d28a5d93b2f761309","Feature","Point","-80.84967","35.16303","AAA Pet Services","4928 Park Rd","Charlotte","NC","28209","aaa-pet-services-charlotte-3","(704) 522-0677","https://s3-media1.fl.yelpcdn.com/bphoto/p8SSgwjBOp6ReYZ2-28uOQ/o.jpg","https://www.yelp.com/biz/aaa-pet-services-charlotte-3?adjust_creative=VGFRDca0eUa0TQtHKuz9aQ&utm_campaign=yelp_api_v3&utm_medium=api_v3_business_search&utm_source=VGFRDca0eUa0TQtHKuz9aQ","8","4"
"5983263d28a5d93b2f76130a","Feature","Point","-80.87427","35.20021","Nicks Veterinary Hospital","3100 S Tryon St","Charlotte","NC","28217","nicks-veterinary-hospital-charlotte","(704) 523-8015","","https://www.yelp.com/biz/nicks-veterinary-hospital-charlotte?adjust_creative=VGFRDca0eUa0TQtHKuz9aQ&utm_campaign=yelp_api_v3&utm_medium=api_v3_business_search&utm_source=VGFRDca0eUa0TQtHKuz9aQ","5","5"
"5983263d28a5d93b2f76130b","Feature","Point","-80.992996","35.445078","East Lincoln Animal Hospital","7555 Nc Hwy 73 E","Denver","NC","28037","east-lincoln-animal-hospital-denver","(704) 827-5300","https://s3-media2.fl.yelpcdn.com/bphoto/nUWed8AXq019fq2PLz4vmw/o.jpg","https://www.yelp.com/biz/east-lincoln-animal-hospital-denver?adjust_creative=VGFRDca0eUa0TQtHKuz9aQ&utm_campaign=yelp_api_v3&utm_medium=api_v3_business_search&utm_source=VGFRDca0eUa0TQtHKuz9aQ","8","5"
"5983263d28a5d93b2f76130c","Feature","Point","-81.0280209034681","35.2524346858263","UrgentVet Pet Clinic","600-A Park St","Belmont","NC","28012","urgentvet-pet-clinic-belmont","(704) 825-8868","https://s3-media4.fl.yelpcdn.com/bphoto/3er_okuNvW_0sTDlrIeLYA/o.jpg","https://www.yelp.com/biz/urgentvet-pet-clinic-belmont?adjust_creative=VGFRDca0eUa0TQtHKuz9aQ&utm_campaign=yelp_api_v3&utm_medium=api_v3_business_search&utm_source=VGFRDca0eUa0TQtHKuz9aQ","10","5"
"5983263d28a5d93b2f76130d","Feature","Point","-81.0268936157227","35.2640953063965","Catawba Heights Animal Hospital","407 Pearl Beatty Dr","Mount Holly","NC","28120","catawba-heights-animal-hospital-belmont-4","(704) 827-0616","","https://www.yelp.com/biz/catawba-heights-animal-hospital-belmont-4?adjust_creative=VGFRDca0eUa0TQtHKuz9aQ&utm_campaign=yelp_api_v3&utm_medium=api_v3_business_search&utm_source=VGFRDca0eUa0TQtHKuz9aQ","2","5"
"5983263d28a5d93b2f76130e","Feature","Point","-80.98903","35.30006","TotalBond Veterinary Hospital","11226 Mount Holly Rd","Charlotte","NC","28214","totalbond-veterinary-hospital-charlotte-2","(704) 827-7422","https://s3-media1.fl.yelpcdn.com/bphoto/OyxUf3KxkXPgxPkZxbXNzA/o.jpg","https://www.yelp.com/biz/totalbond-veterinary-hospital-charlotte-2?adjust_creative=VGFRDca0eUa0TQtHKuz9aQ&utm_campaign=yelp_api_v3&utm_medium=api_v3_business_search&utm_source=VGFRDca0eUa0TQtHKuz9aQ","8","2.5"
"5983263d28a5d93b2f76130f","Feature","Point","-80.8661599","35.20263","Canine Cafe","125 Remount Rd","Charlotte","NC","28203","canine-cafe-charlotte","(704) 588-3647","https://s3-media3.fl.yelpcdn.com/bphoto/KsnE87o77EdSg8MJHB2toA/o.jpg","https://www.yelp.com/biz/canine-cafe-charlotte?adjust_creative=VGFRDca0eUa0TQtHKuz9aQ&utm_campaign=yelp_api_v3&utm_medium=api_v3_business_search&utm_source=VGFRDca0eUa0TQtHKuz9aQ","42","4.5"
"5983263d28a5d93b2f761310","Feature","Point","-80.871826171875","35.1998023986816","Charlotte Dog Wizard","216 Foster Ave","Charlotte","NC","28203","charlotte-dog-wizard-charlotte","(704) 724-0837","https://s3-media2.fl.yelpcdn.com/bphoto/6cSOFyevujX2PAWcxxyucA/o.jpg","https://www.yelp.com/biz/charlotte-dog-wizard-charlotte?adjust_creative=VGFRDca0eUa0TQtHKuz9aQ&utm_campaign=yelp_api_v3&utm_medium=api_v3_business_search&utm_source=VGFRDca0eUa0TQtHKuz9aQ","8","3.5"
"5983263d28a5d93b2f761311","Feature","Point","-80.9453278","35.189991","Humane Society Spay & Neuter Clinic","8315 Byrum Dr","Charlotte","NC","28217","humane-society-spay-and-neuter-clinic-charlotte","(704) 426-1053","https://s3-media1.fl.yelpcdn.com/bphoto/_ZtpnZi9q3A1E91ceRWCCA/o.jpg","https://www.yelp.com/biz/humane-society-spay-and-neuter-clinic-charlotte?adjust_creative=VGFRDca0eUa0TQtHKuz9aQ&utm_campaign=yelp_api_v3&utm_medium=api_v3_business_search&utm_source=VGFRDca0eUa0TQtHKuz9aQ","1","4"
"5983263d28a5d93b2f761312","Feature","Point","-80.8001022","35.1755791","PetSmart","206 S Sharon Amity Rd","Charlotte","NC","28211","petsmart-charlotte-6","(704) 366-3807","https://s3-media3.fl.yelpcdn.com/bphoto/tEL1UL2aRPDk8Jaqta0ZcQ/o.jpg","https://www.yelp.com/biz/petsmart-charlotte-6?adjust_creative=VGFRDca0eUa0TQtHKuz9aQ&utm_campaign=yelp_api_v3&utm_medium=api_v3_business_search&utm_source=VGFRDca0eUa0TQtHKuz9aQ","36","3"
"5983263d28a5d93b2f761313","Feature","Point","-80.6345569342375","35.0626751035452","Mercy Animal Hospital","3806 Sardis Church Rd","Monroe","NC","28110","mercy-animal-hospital-monroe","(704) 821-8100","https://s3-media3.fl.yelpcdn.com/bphoto/EO0ec6GOwWZBryzFNkxBXA/o.jpg","https://www.yelp.com/biz/mercy-animal-hospital-monroe?adjust_creative=VGFRDca0eUa0TQtHKuz9aQ&utm_campaign=yelp_api_v3&utm_medium=api_v3_business_search&utm_source=VGFRDca0eUa0TQtHKuz9aQ","11","3.5"
"5983263d28a5d93b2f761314","Feature","Point","-80.6317596435547","35.0396728515625","Sun Valley Animal Hospital","4706 Old Charlotte Hwy","Monroe","NC","28110","sun-valley-animal-hospital-monroe","(704) 283-8356","https://s3-media2.fl.yelpcdn.com/bphoto/Ju7UoucVcWuy3QqT0ROL8w/o.jpg","https://www.yelp.com/biz/sun-valley-animal-hospital-monroe?adjust_creative=VGFRDca0eUa0TQtHKuz9aQ&utm_campaign=yelp_api_v3&utm_medium=api_v3_business_search&utm_source=VGFRDca0eUa0TQtHKuz9aQ","6","4"
"5983263d28a5d93b2f761315","Feature","Point","-80.860149","35.443109","Carolinas Veterinary Care Clinic","10110 Northcross Center Ct","Huntersville","NC","28078","carolinas-veterinary-care-clinic-huntersville-2","(704) 439-0600","https://s3-media2.fl.yelpcdn.com/bphoto/qpx1Ph48wHkbdbxZtbEsVA/o.jpg","https://www.yelp.com/biz/carolinas-veterinary-care-clinic-huntersville-2?adjust_creative=VGFRDca0eUa0TQtHKuz9aQ&utm_campaign=yelp_api_v3&utm_medium=api_v3_business_search&utm_source=VGFRDca0eUa0TQtHKuz9aQ","12","3"
"5983263d28a5d93b2f761316","Feature","Point","-80.8564758300781","35.4173469543457","Huntersville Animal Care Hospital PA","14899 Statesville Rd","Huntersville","NC","28078","huntersville-animal-care-hospital-pa-huntersville","(704) 875-0974","https://s3-media3.fl.yelpcdn.com/bphoto/SLNu2KlkSz9Wdlj3uR7kUQ/o.jpg","https://www.yelp.com/biz/huntersville-animal-care-hospital-pa-huntersville?adjust_creative=VGFRDca0eUa0TQtHKuz9aQ&utm_campaign=yelp_api_v3&utm_medium=api_v3_business_search&utm_source=VGFRDca0eUa0TQtHKuz9aQ","3","2"
"5983263d28a5d93b2f761317","Feature","Point","-80.8587911","35.4848543","Main Street Veterinary Hospital","20306 N Main St","Cornelius","NC","28031","main-street-veterinary-hospital-cornelius","(704) 765-1115","https://s3-media3.fl.yelpcdn.com/bphoto/We1o1kP-Gnq_qDBJ_5YQSw/o.jpg","https://www.yelp.com/biz/main-street-veterinary-hospital-cornelius?adjust_creative=VGFRDca0eUa0TQtHKuz9aQ&utm_campaign=yelp_api_v3&utm_medium=api_v3_business_search&utm_source=VGFRDca0eUa0TQtHKuz9aQ","25","5"
"5983263d28a5d93b2f761318","Feature","Point","-80.8532331","35.4948208","The Veterinary Hospital of Davidson","445 S Main St","Davidson","NC","28036","the-veterinary-hospital-of-davidson-davidson","(704) 765-1171","https://s3-media4.fl.yelpcdn.com/bphoto/EoNJw9GFZLgJA2GNdTo93w/o.jpg","https://www.yelp.com/biz/the-veterinary-hospital-of-davidson-davidson?adjust_creative=VGFRDca0eUa0TQtHKuz9aQ&utm_campaign=yelp_api_v3&utm_medium=api_v3_business_search&utm_source=VGFRDca0eUa0TQtHKuz9aQ","17","5"
"5983263d28a5d93b2f761319","Feature","Point","-80.8495559692383","35.5027351379395","Totalbond Veterinary Hospital at Davidson","260 Griffith St","Davidson","NC","28036","totalbond-veterinary-hospital-at-davidson-davidson","(704) 892-1992","https://s3-media2.fl.yelpcdn.com/bphoto/y3A3xsrm9HIL9eTDaKMd5w/o.jpg","https://www.yelp.com/biz/totalbond-veterinary-hospital-at-davidson-davidson?adjust_creative=VGFRDca0eUa0TQtHKuz9aQ&utm_campaign=yelp_api_v3&utm_medium=api_v3_business_search&utm_source=VGFRDca0eUa0TQtHKuz9aQ","1","5"
"5983263d28a5d93b2f76131a","Feature","Point","-80.8539194","35.3451067","PetSmart","10245 Perimeter Parkway","Charlotte","NC","28216","petsmart-charlotte-5","(704) 599-0475","https://s3-media4.fl.yelpcdn.com/bphoto/YN6b0382kOFICWIn9yBFMg/o.jpg","https://www.yelp.com/biz/petsmart-charlotte-5?adjust_creative=VGFRDca0eUa0TQtHKuz9aQ&utm_campaign=yelp_api_v3&utm_medium=api_v3_business_search&utm_source=VGFRDca0eUa0TQtHKuz9aQ","17","2.5"
"5983263d28a5d93b2f76131b","Feature","Point","-80.80266","35.5814499","Village Animal Hospital","628 Carpenter Ave","Mooresville","NC","28115","village-animal-hospital-mooresville","(704) 660-9663","https://s3-media1.fl.yelpcdn.com/bphoto/ILWQ9OHZJFonlMtYryIZ0g/o.jpg","https://www.yelp.com/biz/village-animal-hospital-mooresville?adjust_creative=VGFRDca0eUa0TQtHKuz9aQ&utm_campaign=yelp_api_v3&utm_medium=api_v3_business_search&utm_source=VGFRDca0eUa0TQtHKuz9aQ","13","4.5"
"5983263d28a5d93b2f76131c","Feature","Point","-80.8372437236991","35.5876441341162","Mooresville Animal Hospital","2673 Charlotte Hwy","Mooresville","NC","28117","mooresville-animal-hospital-mooresville","(704) 664-4087","https://s3-media1.fl.yelpcdn.com/bphoto/REXdY9r0Bm4VnkP6JuIG3w/o.jpg","https://www.yelp.com/biz/mooresville-animal-hospital-mooresville?adjust_creative=VGFRDca0eUa0TQtHKuz9aQ&utm_campaign=yelp_api_v3&utm_medium=api_v3_business_search&utm_source=VGFRDca0eUa0TQtHKuz9aQ","9","4"
"5983263d28a5d93b2f76131d","Feature","Point","-80.88015","35.58216","Harbor Point Animal Hospital","694 Brawley School Rd","Mooresville","NC","28117","harbor-point-animal-hospital-mooresville-2","(704) 230-0858","https://s3-media2.fl.yelpcdn.com/bphoto/4np0SqcfzdL159juSZTTCg/o.jpg","https://www.yelp.com/biz/harbor-point-animal-hospital-mooresville-2?adjust_creative=VGFRDca0eUa0TQtHKuz9aQ&utm_campaign=yelp_api_v3&utm_medium=api_v3_business_search&utm_source=VGFRDca0eUa0TQtHKuz9aQ","5","5"
"5983263d28a5d93b2f76131e","Feature","Point","-81.00165","35.5102199","West Shore Animal Hospital","2558 N Hwy 16","Denver","NC","28037","west-shore-animal-hospital-denver","(704) 483-2600","https://s3-media3.fl.yelpcdn.com/bphoto/iQnWh4Arlv3vymh-svBwPg/o.jpg","https://www.yelp.com/biz/west-shore-animal-hospital-denver?adjust_creative=VGFRDca0eUa0TQtHKuz9aQ&utm_campaign=yelp_api_v3&utm_medium=api_v3_business_search&utm_source=VGFRDca0eUa0TQtHKuz9aQ","3","4.5"
"5983263d28a5d93b2f76131f","Feature","Point","-80.732589","35.441741","Coddle Creek Animal Hospital","9172 Davidson Hwy","Concord","NC","28027","coddle-creek-animal-hospital-concord","(704) 795-9005","https://s3-media3.fl.yelpcdn.com/bphoto/NO2YfxuhTUBUZ06yXAnKjg/o.jpg","https://www.yelp.com/biz/coddle-creek-animal-hospital-concord?adjust_creative=VGFRDca0eUa0TQtHKuz9aQ&utm_campaign=yelp_api_v3&utm_medium=api_v3_business_search&utm_source=VGFRDca0eUa0TQtHKuz9aQ","7","3"
"5983263d28a5d93b2f761320","Feature","Point","-80.867515","35.594345","Lake Norman Animal Hospital","529 River Hwy","Mooresville","NC","28117","lake-norman-animal-hospital-mooresville","(704) 664-7387","","https://www.yelp.com/biz/lake-norman-animal-hospital-mooresville?adjust_creative=VGFRDca0eUa0TQtHKuz9aQ&utm_campaign=yelp_api_v3&utm_medium=api_v3_business_search&utm_source=VGFRDca0eUa0TQtHKuz9aQ","5","4"
"5983263d28a5d93b2f761321","Feature","Point","-80.87371","35.58872","Brawley Animal Hospital","111 Raceway Dr","Mooresville","NC","28117","brawley-animal-hospital-mooresville","(704) 663-5122","https://s3-media2.fl.yelpcdn.com/bphoto/ad4ANqtnMEARnWB1LiOvVw/o.jpg","https://www.yelp.com/biz/brawley-animal-hospital-mooresville?adjust_creative=VGFRDca0eUa0TQtHKuz9aQ&utm_campaign=yelp_api_v3&utm_medium=api_v3_business_search&utm_source=VGFRDca0eUa0TQtHKuz9aQ","2","5"
